index,level_0,level_1,correlation
0,MONTH,MONTH,1.0
1,MONTH,DAY,0.008845650802207729
2,MONTH,DAY_OF_WEEK,-0.008217964306004246
3,MONTH,FLIGHT_NUMBER,-0.019836355952358345
4,MONTH,SCHEDULED_DEPARTURE,0.0005426518441283446
5,MONTH,DEPARTURE_TIME,-0.0037030667562476705
6,MONTH,DEPARTURE_DELAY,-0.021445529301899566
7,MONTH,TAXI_OUT,-0.012731987181502723
8,MONTH,WHEELS_OFF,-0.0044293404513949565
9,MONTH,SCHEDULED_TIME,0.010710421177664223
10,MONTH,ELAPSED_TIME,0.001744323572911443
11,MONTH,AIR_TIME,0.0031585977277812974
12,MONTH,DISTANCE,0.011379081225000474
13,MONTH,WHEELS_ON,-0.008115747640959401
14,MONTH,TAXI_IN,0.0026680891729744132
15,MONTH,SCHEDULED_ARRIVAL,-0.009875264962635195
16,MONTH,ARRIVAL_TIME,-0.008114502542847183
17,MONTH,ARRIVAL_DELAY,-0.03635259293948088
18,MONTH,DIVERTED,-0.0006640691822456081
19,MONTH,CANCELLED,-0.055557473469846255
20,MONTH,AIR_SYSTEM_DELAY,0.0007399783477443405
21,MONTH,SECURITY_DELAY,0.009606512149904206
22,MONTH,AIRLINE_DELAY,0.012121043470869014
23,MONTH,LATE_AIRCRAFT_DELAY,0.003556581005374839
24,MONTH,WEATHER_DELAY,-0.00781423427998183
25,DAY,MONTH,0.008845650802207729
26,DAY,DAY,1.0
27,DAY,DAY_OF_WEEK,0.001012413754059061
28,DAY,FLIGHT_NUMBER,0.0014871306482337763
29,DAY,SCHEDULED_DEPARTURE,-0.0022668632871630226
30,DAY,DEPARTURE_TIME,-0.003293921269646754
31,DAY,DEPARTURE_DELAY,8.9666169599519e-06
32,DAY,TAXI_OUT,-0.0019641867952967674
33,DAY,WHEELS_OFF,-0.0038172196766675113
34,DAY,SCHEDULED_TIME,0.0030137481983756507
35,DAY,ELAPSED_TIME,0.0009834444341149278
36,DAY,AIR_TIME,0.00138986207136222
37,DAY,DISTANCE,0.0029741799161891068
38,DAY,WHEELS_ON,-0.004174194960583
39,DAY,TAXI_IN,-0.0016637146116868372
40,DAY,SCHEDULED_ARRIVAL,-0.003583286551319105
41,DAY,ARRIVAL_TIME,-0.004199857345028885
42,DAY,ARRIVAL_DELAY,-0.002939304791514401
43,DAY,DIVERTED,0.002464478043216464
44,DAY,CANCELLED,-0.0033325148484711128
45,DAY,AIR_SYSTEM_DELAY,-0.00595922523583437
46,DAY,SECURITY_DELAY,-0.00024127841336890008
47,DAY,AIRLINE_DELAY,0.006783320736460808
48,DAY,LATE_AIRCRAFT_DELAY,0.009495972860016893
49,DAY,WEATHER_DELAY,0.008671278135979128
50,DAY_OF_WEEK,MONTH,-0.008217964306004246
51,DAY_OF_WEEK,DAY,0.001012413754059061
52,DAY_OF_WEEK,DAY_OF_WEEK,1.0
53,DAY_OF_WEEK,FLIGHT_NUMBER,0.014229372456775812
54,DAY_OF_WEEK,SCHEDULED_DEPARTURE,0.007220020564634922
55,DAY_OF_WEEK,DEPARTURE_TIME,0.00482443406970403
56,DAY_OF_WEEK,DEPARTURE_DELAY,-0.011115850309238394
57,DAY_OF_WEEK,TAXI_OUT,-0.01999515104214989
58,DAY_OF_WEEK,WHEELS_OFF,0.0033290648155379406
59,DAY_OF_WEEK,SCHEDULED_TIME,0.015448237405652217
60,DAY_OF_WEEK,ELAPSED_TIME,0.012307206333864814
61,DAY_OF_WEEK,AIR_TIME,0.014930998600563085
62,DAY_OF_WEEK,DISTANCE,0.017133546880321177
63,DAY_OF_WEEK,WHEELS_ON,0.00531432992846207
64,DAY_OF_WEEK,TAXI_IN,0.0022774387224218963
65,DAY_OF_WEEK,SCHEDULED_ARRIVAL,0.006693170948433893
66,DAY_OF_WEEK,ARRIVAL_TIME,0.005146239343791932
67,DAY_OF_WEEK,ARRIVAL_DELAY,-0.016358050713544563
68,DAY_OF_WEEK,DIVERTED,-0.0012818772934996576
69,DAY_OF_WEEK,CANCELLED,-0.021474850617537827
70,DAY_OF_WEEK,AIR_SYSTEM_DELAY,-0.02257416742093595
71,DAY_OF_WEEK,SECURITY_DELAY,0.0010369947379747896
72,DAY_OF_WEEK,AIRLINE_DELAY,0.012333005790737683
73,DAY_OF_WEEK,LATE_AIRCRAFT_DELAY,-0.016867002213171306
74,DAY_OF_WEEK,WEATHER_DELAY,-0.00499143651874642
75,FLIGHT_NUMBER,MONTH,-0.019836355952358345
76,FLIGHT_NUMBER,DAY,0.0014871306482337763
77,FLIGHT_NUMBER,DAY_OF_WEEK,0.014229372456775812
78,FLIGHT_NUMBER,FLIGHT_NUMBER,1.0
79,FLIGHT_NUMBER,SCHEDULED_DEPARTURE,-0.006675938269769977
80,FLIGHT_NUMBER,DEPARTURE_TIME,-0.0028444077032943956
81,FLIGHT_NUMBER,DEPARTURE_DELAY,-0.009950979323509834
82,FLIGHT_NUMBER,TAXI_OUT,0.04975972591069914
83,FLIGHT_NUMBER,WHEELS_OFF,0.003979406999007374
84,FLIGHT_NUMBER,SCHEDULED_TIME,-0.3171927219218439
85,FLIGHT_NUMBER,ELAPSED_TIME,-0.30662012444482
86,FLIGHT_NUMBER,AIR_TIME,-0.31966600314241606
87,FLIGHT_NUMBER,DISTANCE,-0.331220014538314
88,FLIGHT_NUMBER,WHEELS_ON,-0.007207436387941285
89,FLIGHT_NUMBER,TAXI_IN,-0.019139310247037338
90,FLIGHT_NUMBER,SCHEDULED_ARRIVAL,-0.014896245122365924
91,FLIGHT_NUMBER,ARRIVAL_TIME,-0.003907789078450071
92,FLIGHT_NUMBER,ARRIVAL_DELAY,0.017131736403369437
93,FLIGHT_NUMBER,DIVERTED,0.0046474250671557195
94,FLIGHT_NUMBER,CANCELLED,0.037496629351945206
95,FLIGHT_NUMBER,AIR_SYSTEM_DELAY,-0.008605951816695325
96,FLIGHT_NUMBER,SECURITY_DELAY,-0.00924516490696054
97,FLIGHT_NUMBER,AIRLINE_DELAY,0.0064404444613679855
98,FLIGHT_NUMBER,LATE_AIRCRAFT_DELAY,0.021271515503933292
99,FLIGHT_NUMBER,WEATHER_DELAY,-0.0020184772167865833
100,SCHEDULED_DEPARTURE,MONTH,0.0005426518441283446
101,SCHEDULED_DEPARTURE,DAY,-0.0022668632871630226
102,SCHEDULED_DEPARTURE,DAY_OF_WEEK,0.007220020564634922
103,SCHEDULED_DEPARTURE,FLIGHT_NUMBER,-0.006675938269769977
104,SCHEDULED_DEPARTURE,SCHEDULED_DEPARTURE,1.0
105,SCHEDULED_DEPARTURE,DEPARTURE_TIME,0.9638677427645167
106,SCHEDULED_DEPARTURE,DEPARTURE_DELAY,0.11002970768117902
107,SCHEDULED_DEPARTURE,TAXI_OUT,0.006135161282021055
108,SCHEDULED_DEPARTURE,WHEELS_OFF,0.9383197403500855
109,SCHEDULED_DEPARTURE,SCHEDULED_TIME,-0.01654689742990855
110,SCHEDULED_DEPARTURE,ELAPSED_TIME,-0.018125981727720418
111,SCHEDULED_DEPARTURE,AIR_TIME,-0.0158612576265153
112,SCHEDULED_DEPARTURE,DISTANCE,-0.009479252762013855
113,SCHEDULED_DEPARTURE,WHEELS_ON,0.656183729320938
114,SCHEDULED_DEPARTURE,TAXI_IN,-0.04514902785953225
115,SCHEDULED_DEPARTURE,SCHEDULED_ARRIVAL,0.7061638088017872
116,SCHEDULED_DEPARTURE,ARRIVAL_TIME,0.6289815362376988
117,SCHEDULED_DEPARTURE,ARRIVAL_DELAY,0.09984973497297292
118,SCHEDULED_DEPARTURE,DIVERTED,-0.0008578855721177479
119,SCHEDULED_DEPARTURE,CANCELLED,0.010433269923710712
120,SCHEDULED_DEPARTURE,AIR_SYSTEM_DELAY,-0.07561664836570077
121,SCHEDULED_DEPARTURE,SECURITY_DELAY,-0.007377961619182831
122,SCHEDULED_DEPARTURE,AIRLINE_DELAY,-0.08875971410940733
123,SCHEDULED_DEPARTURE,LATE_AIRCRAFT_DELAY,0.1454031008085295
124,SCHEDULED_DEPARTURE,WEATHER_DELAY,-0.016375207373897634
125,DEPARTURE_TIME,MONTH,-0.0037030667562476705
126,DEPARTURE_TIME,DAY,-0.003293921269646754
127,DEPARTURE_TIME,DAY_OF_WEEK,0.00482443406970403
128,DEPARTURE_TIME,FLIGHT_NUMBER,-0.0028444077032943956
129,DEPARTURE_TIME,SCHEDULED_DEPARTURE,0.9638677427645167
130,DEPARTURE_TIME,DEPARTURE_TIME,1.0
131,DEPARTURE_TIME,DEPARTURE_DELAY,0.17225644405463916
132,DEPARTURE_TIME,TAXI_OUT,0.013576447803199275
133,DEPARTURE_TIME,WHEELS_OFF,0.9720414066135502
134,DEPARTURE_TIME,SCHEDULED_TIME,-0.02063849711681872
135,DEPARTURE_TIME,ELAPSED_TIME,-0.021927018450013575
136,DEPARTURE_TIME,AIR_TIME,-0.020996421266622635
137,DEPARTURE_TIME,DISTANCE,-0.01615371528416073
138,DEPARTURE_TIME,WHEELS_ON,0.6757370702081954
139,DEPARTURE_TIME,TAXI_IN,-0.04097770166316887
140,DEPARTURE_TIME,SCHEDULED_ARRIVAL,0.7096577546434429
141,DEPARTURE_TIME,ARRIVAL_TIME,0.6476326741763961
142,DEPARTURE_TIME,ARRIVAL_DELAY,0.16006789937627694
143,DEPARTURE_TIME,DIVERTED,0.0012527524301714403
144,DEPARTURE_TIME,CANCELLED,0.007426235438871426
145,DEPARTURE_TIME,AIR_SYSTEM_DELAY,-0.0463378771958021
146,DEPARTURE_TIME,SECURITY_DELAY,-0.006335175103688473
147,DEPARTURE_TIME,AIRLINE_DELAY,-0.02103889694968483
148,DEPARTURE_TIME,LATE_AIRCRAFT_DELAY,0.18238789763788238
149,DEPARTURE_TIME,WEATHER_DELAY,-0.005177769840933573
150,DEPARTURE_DELAY,MONTH,-0.021445529301899566
151,DEPARTURE_DELAY,DAY,8.9666169599519e-06
152,DEPARTURE_DELAY,DAY_OF_WEEK,-0.011115850309238394
153,DEPARTURE_DELAY,FLIGHT_NUMBER,-0.009950979323509834
154,DEPARTURE_DELAY,SCHEDULED_DEPARTURE,0.11002970768117902
155,DEPARTURE_DELAY,DEPARTURE_TIME,0.17225644405463916
156,DEPARTURE_DELAY,DEPARTURE_DELAY,1.0
157,DEPARTURE_DELAY,TAXI_OUT,0.0587189983158155
158,DEPARTURE_DELAY,WHEELS_OFF,0.16352508889121806
159,DEPARTURE_DELAY,SCHEDULED_TIME,0.02815625375424131
160,DEPARTURE_DELAY,ELAPSED_TIME,0.031051291975662337
161,DEPARTURE_DELAY,AIR_TIME,0.02375359976115572
162,DEPARTURE_DELAY,DISTANCE,0.0245002972993872
163,DEPARTURE_DELAY,WHEELS_ON,0.05812041768520088
164,DEPARTURE_DELAY,TAXI_IN,0.01237657441754259
165,DEPARTURE_DELAY,SCHEDULED_ARRIVAL,0.09784380650294297
166,DEPARTURE_DELAY,ARRIVAL_TIME,0.04855037271863931
167,DEPARTURE_DELAY,ARRIVAL_DELAY,0.9445967056189637
168,DEPARTURE_DELAY,DIVERTED,0.023531004503265812
169,DEPARTURE_DELAY,CANCELLED,0.03388926867990119
170,DEPARTURE_DELAY,AIR_SYSTEM_DELAY,0.09758733427004834
171,DEPARTURE_DELAY,SECURITY_DELAY,0.00922410771407084
172,DEPARTURE_DELAY,AIRLINE_DELAY,0.6211651262155413
173,DEPARTURE_DELAY,LATE_AIRCRAFT_DELAY,0.5572172997592713
174,DEPARTURE_DELAY,WEATHER_DELAY,0.2366922640775342
175,TAXI_OUT,MONTH,-0.012731987181502723
176,TAXI_OUT,DAY,-0.0019641867952967674
177,TAXI_OUT,DAY_OF_WEEK,-0.01999515104214989
178,TAXI_OUT,FLIGHT_NUMBER,0.04975972591069914
179,TAXI_OUT,SCHEDULED_DEPARTURE,0.006135161282021055
180,TAXI_OUT,DEPARTURE_TIME,0.013576447803199275
181,TAXI_OUT,DEPARTURE_DELAY,0.0587189983158155
182,TAXI_OUT,TAXI_OUT,1.0
183,TAXI_OUT,WHEELS_OFF,0.03848415139862104
184,TAXI_OUT,SCHEDULED_TIME,0.11290838545039163
185,TAXI_OUT,ELAPSED_TIME,0.2057781388812275
186,TAXI_OUT,AIR_TIME,0.0884586361618539
187,TAXI_OUT,DISTANCE,0.07310269774105137
188,TAXI_OUT,WHEELS_ON,0.033194516848420993
189,TAXI_OUT,TAXI_IN,0.0019241733426970894
190,TAXI_OUT,SCHEDULED_ARRIVAL,0.024317999124646373
191,TAXI_OUT,ARRIVAL_TIME,0.030188828594499575
192,TAXI_OUT,ARRIVAL_DELAY,0.22763520956641523
193,TAXI_OUT,DIVERTED,0.012172202023159424
194,TAXI_OUT,CANCELLED,0.006139083063186733
195,TAXI_OUT,AIR_SYSTEM_DELAY,0.36219040020102816
196,TAXI_OUT,SECURITY_DELAY,-0.006864132862006574
197,TAXI_OUT,AIRLINE_DELAY,-0.06856971752818271
198,TAXI_OUT,LATE_AIRCRAFT_DELAY,-0.12873944073969343
199,TAXI_OUT,WEATHER_DELAY,0.06491852015926554
200,WHEELS_OFF,MONTH,-0.0044293404513949565
201,WHEELS_OFF,DAY,-0.0038172196766675113
202,WHEELS_OFF,DAY_OF_WEEK,0.0033290648155379406
203,WHEELS_OFF,FLIGHT_NUMBER,0.003979406999007374
204,WHEELS_OFF,SCHEDULED_DEPARTURE,0.9383197403500855
205,WHEELS_OFF,DEPARTURE_TIME,0.9720414066135502
206,WHEELS_OFF,DEPARTURE_DELAY,0.16352508889121806
207,WHEELS_OFF,TAXI_OUT,0.03848415139862104
208,WHEELS_OFF,WHEELS_OFF,1.0
209,WHEELS_OFF,SCHEDULED_TIME,-0.027989242602714126
210,WHEELS_OFF,ELAPSED_TIME,-0.026966506431583277
211,WHEELS_OFF,AIR_TIME,-0.029370674059903044
212,WHEELS_OFF,DISTANCE,-0.027142816893634004
213,WHEELS_OFF,WHEELS_ON,0.6955999618382401
214,WHEELS_OFF,TAXI_IN,-0.03912403788694297
215,WHEELS_OFF,SCHEDULED_ARRIVAL,0.7215446747970985
216,WHEELS_OFF,ARRIVAL_TIME,0.6673725034242477
217,WHEELS_OFF,ARRIVAL_DELAY,0.15640683997891988
218,WHEELS_OFF,DIVERTED,0.0014411651431197282
219,WHEELS_OFF,CANCELLED,0.0047299603651450375
220,WHEELS_OFF,AIR_SYSTEM_DELAY,-0.02924484070221561
221,WHEELS_OFF,SECURITY_DELAY,-0.006490110073291994
222,WHEELS_OFF,AIRLINE_DELAY,-0.029010698690838433
223,WHEELS_OFF,LATE_AIRCRAFT_DELAY,0.15664850366947825
224,WHEELS_OFF,WEATHER_DELAY,-0.009490881532715323
225,SCHEDULED_TIME,MONTH,0.010710421177664223
226,SCHEDULED_TIME,DAY,0.0030137481983756507
227,SCHEDULED_TIME,DAY_OF_WEEK,0.015448237405652217
228,SCHEDULED_TIME,FLIGHT_NUMBER,-0.3171927219218439
229,SCHEDULED_TIME,SCHEDULED_DEPARTURE,-0.01654689742990855
230,SCHEDULED_TIME,DEPARTURE_TIME,-0.02063849711681872
231,SCHEDULED_TIME,DEPARTURE_DELAY,0.02815625375424131
232,SCHEDULED_TIME,TAXI_OUT,0.11290838545039163
233,SCHEDULED_TIME,WHEELS_OFF,-0.027989242602714126
234,SCHEDULED_TIME,SCHEDULED_TIME,1.0
235,SCHEDULED_TIME,ELAPSED_TIME,0.985289573862426
236,SCHEDULED_TIME,AIR_TIME,0.9907769364870881
237,SCHEDULED_TIME,DISTANCE,0.984348218637489
238,SCHEDULED_TIME,WHEELS_ON,0.023143624396071684
239,SCHEDULED_TIME,TAXI_IN,0.09873562915437464
240,SCHEDULED_TIME,SCHEDULED_ARRIVAL,0.03177138268816957
241,SCHEDULED_TIME,ARRIVAL_TIME,0.020210408343953167
242,SCHEDULED_TIME,ARRIVAL_DELAY,-0.02984358813285617
243,SCHEDULED_TIME,DIVERTED,0.013077417666387115
244,SCHEDULED_TIME,CANCELLED,-0.02760541912936267
245,SCHEDULED_TIME,AIR_SYSTEM_DELAY,0.02930830398249578
246,SCHEDULED_TIME,SECURITY_DELAY,0.0072695530417460135
247,SCHEDULED_TIME,AIRLINE_DELAY,0.03583502372140557
248,SCHEDULED_TIME,LATE_AIRCRAFT_DELAY,-0.04621476731093478
249,SCHEDULED_TIME,WEATHER_DELAY,0.0011150009663517034
250,ELAPSED_TIME,MONTH,0.001744323572911443
251,ELAPSED_TIME,DAY,0.0009834444341149278
252,ELAPSED_TIME,DAY_OF_WEEK,0.012307206333864814
253,ELAPSED_TIME,FLIGHT_NUMBER,-0.30662012444482
254,ELAPSED_TIME,SCHEDULED_DEPARTURE,-0.018125981727720418
255,ELAPSED_TIME,DEPARTURE_TIME,-0.021927018450013575
256,ELAPSED_TIME,DEPARTURE_DELAY,0.031051291975662337
257,ELAPSED_TIME,TAXI_OUT,0.2057781388812275
258,ELAPSED_TIME,WHEELS_OFF,-0.026966506431583277
259,ELAPSED_TIME,SCHEDULED_TIME,0.985289573862426
260,ELAPSED_TIME,ELAPSED_TIME,1.0
261,ELAPSED_TIME,AIR_TIME,0.9900639870118619
262,ELAPSED_TIME,DISTANCE,0.973743868779246
263,ELAPSED_TIME,WHEELS_ON,0.025425579056998097
264,ELAPSED_TIME,TAXI_IN,0.1558678318231611
265,ELAPSED_TIME,SCHEDULED_ARRIVAL,0.03093935836903231
266,ELAPSED_TIME,ARRIVAL_TIME,0.022409927845645876
267,ELAPSED_TIME,ARRIVAL_DELAY,0.029192879333260206
268,ELAPSED_TIME,AIR_SYSTEM_DELAY,0.14954074120882843
269,ELAPSED_TIME,SECURITY_DELAY,0.004418988888796224
270,ELAPSED_TIME,AIRLINE_DELAY,0.0015131420838190393
271,ELAPSED_TIME,LATE_AIRCRAFT_DELAY,-0.09377831713210966
272,ELAPSED_TIME,WEATHER_DELAY,0.009635214466175013
273,AIR_TIME,MONTH,0.0031585977277812974
274,AIR_TIME,DAY,0.00138986207136222
275,AIR_TIME,DAY_OF_WEEK,0.014930998600563085
276,AIR_TIME,FLIGHT_NUMBER,-0.31966600314241606
277,AIR_TIME,SCHEDULED_DEPARTURE,-0.0158612576265153
278,AIR_TIME,DEPARTURE_TIME,-0.020996421266622635
279,AIR_TIME,DEPARTURE_DELAY,0.02375359976115572
280,AIR_TIME,TAXI_OUT,0.0884586361618539
281,AIR_TIME,WHEELS_OFF,-0.029370674059903044
282,AIR_TIME,SCHEDULED_TIME,0.9907769364870881
283,AIR_TIME,ELAPSED_TIME,0.9900639870118619
284,AIR_TIME,AIR_TIME,1.0
285,AIR_TIME,DISTANCE,0.9856736565590898
286,AIR_TIME,WHEELS_ON,0.02243964251452802
287,AIR_TIME,TAXI_IN,0.08215417077562634
288,AIR_TIME,SCHEDULED_ARRIVAL,0.02938449151856986
289,AIR_TIME,ARRIVAL_TIME,0.019163301874949305
290,AIR_TIME,ARRIVAL_DELAY,-0.007009707108978706
291,AIR_TIME,AIR_SYSTEM_DELAY,0.05492327262266424
292,AIR_TIME,SECURITY_DELAY,0.006635554761756093
293,AIR_TIME,AIRLINE_DELAY,0.021192957568491093
294,AIR_TIME,LATE_AIRCRAFT_DELAY,-0.06539961806566501
295,AIR_TIME,WEATHER_DELAY,-0.002811676018412891
296,DISTANCE,MONTH,0.011379081225000474
297,DISTANCE,DAY,0.0029741799161891068
298,DISTANCE,DAY_OF_WEEK,0.017133546880321177
299,DISTANCE,FLIGHT_NUMBER,-0.331220014538314
300,DISTANCE,SCHEDULED_DEPARTURE,-0.009479252762013855
301,DISTANCE,DEPARTURE_TIME,-0.01615371528416073
302,DISTANCE,DEPARTURE_DELAY,0.0245002972993872
303,DISTANCE,TAXI_OUT,0.07310269774105137
304,DISTANCE,WHEELS_OFF,-0.027142816893634004
305,DISTANCE,SCHEDULED_TIME,0.984348218637489
306,DISTANCE,ELAPSED_TIME,0.973743868779246
307,DISTANCE,AIR_TIME,0.9856736565590898
308,DISTANCE,DISTANCE,1.0
309,DISTANCE,WHEELS_ON,0.01881051120864862
310,DISTANCE,TAXI_IN,0.07484016629361466
311,DISTANCE,SCHEDULED_ARRIVAL,0.02727646964015326
312,DISTANCE,ARRIVAL_TIME,0.01497437971102314
313,DISTANCE,ARRIVAL_DELAY,-0.025233093002696227
314,DISTANCE,DIVERTED,0.011912149585026096
315,DISTANCE,CANCELLED,-0.03274236410138068
316,DISTANCE,AIR_SYSTEM_DELAY,0.013982483216605971
317,DISTANCE,SECURITY_DELAY,0.007281588599408322
318,DISTANCE,AIRLINE_DELAY,0.0350917813274648
319,DISTANCE,LATE_AIRCRAFT_DELAY,-0.04619409142512655
320,DISTANCE,WEATHER_DELAY,-0.006292720927780884
321,WHEELS_ON,MONTH,-0.008115747640959401
322,WHEELS_ON,DAY,-0.004174194960583
323,WHEELS_ON,DAY_OF_WEEK,0.00531432992846207
324,WHEELS_ON,FLIGHT_NUMBER,-0.007207436387941285
325,WHEELS_ON,SCHEDULED_DEPARTURE,0.656183729320938
326,WHEELS_ON,DEPARTURE_TIME,0.6757370702081954
327,WHEELS_ON,DEPARTURE_DELAY,0.05812041768520088
328,WHEELS_ON,TAXI_OUT,0.033194516848420993
329,WHEELS_ON,WHEELS_OFF,0.6955999618382401
330,WHEELS_ON,SCHEDULED_TIME,0.023143624396071684
331,WHEELS_ON,ELAPSED_TIME,0.025425579056998097
332,WHEELS_ON,AIR_TIME,0.02243964251452802
333,WHEELS_ON,DISTANCE,0.01881051120864862
334,WHEELS_ON,WHEELS_ON,1.0
335,WHEELS_ON,TAXI_IN,-0.004470631160616276
336,WHEELS_ON,SCHEDULED_ARRIVAL,0.8701053559929017
337,WHEELS_ON,ARRIVAL_TIME,0.9675330964468647
338,WHEELS_ON,ARRIVAL_DELAY,0.05842477280780231
339,WHEELS_ON,DIVERTED,0.00693964642440307
340,WHEELS_ON,AIR_SYSTEM_DELAY,0.0076770957289955
341,WHEELS_ON,SECURITY_DELAY,-0.005966998561184471
342,WHEELS_ON,AIRLINE_DELAY,-0.0603046521290045
343,WHEELS_ON,LATE_AIRCRAFT_DELAY,-0.0065647840900375535
344,WHEELS_ON,WEATHER_DELAY,-0.02673466217273811
345,TAXI_IN,MONTH,0.0026680891729744132
346,TAXI_IN,DAY,-0.0016637146116868372
347,TAXI_IN,DAY_OF_WEEK,0.0022774387224218963
348,TAXI_IN,FLIGHT_NUMBER,-0.019139310247037338
349,TAXI_IN,SCHEDULED_DEPARTURE,-0.04514902785953225
350,TAXI_IN,DEPARTURE_TIME,-0.04097770166316887
351,TAXI_IN,DEPARTURE_DELAY,0.01237657441754259
352,TAXI_IN,TAXI_OUT,0.0019241733426970894
353,TAXI_IN,WHEELS_OFF,-0.03912403788694297
354,TAXI_IN,SCHEDULED_TIME,0.09873562915437464
355,TAXI_IN,ELAPSED_TIME,0.1558678318231611
356,TAXI_IN,AIR_TIME,0.08215417077562634
357,TAXI_IN,DISTANCE,0.07484016629361466
358,TAXI_IN,WHEELS_ON,-0.004470631160616276
359,TAXI_IN,TAXI_IN,1.0
360,TAXI_IN,SCHEDULED_ARRIVAL,-0.007292570836717033
361,TAXI_IN,ARRIVAL_TIME,0.0021076287168028136
362,TAXI_IN,ARRIVAL_DELAY,0.11624918930651293
363,TAXI_IN,DIVERTED,0.02269410141033645
364,TAXI_IN,AIR_SYSTEM_DELAY,0.24053096387989967
365,TAXI_IN,SECURITY_DELAY,-0.00545373843035552
366,TAXI_IN,AIRLINE_DELAY,-0.04943281516194128
367,TAXI_IN,LATE_AIRCRAFT_DELAY,-0.0566149295052218
368,TAXI_IN,WEATHER_DELAY,-0.0004461018305401373
369,SCHEDULED_ARRIVAL,MONTH,-0.009875264962635195
370,SCHEDULED_ARRIVAL,DAY,-0.003583286551319105
371,SCHEDULED_ARRIVAL,DAY_OF_WEEK,0.006693170948433893
372,SCHEDULED_ARRIVAL,FLIGHT_NUMBER,-0.014896245122365924
373,SCHEDULED_ARRIVAL,SCHEDULED_DEPARTURE,0.7061638088017872
374,SCHEDULED_ARRIVAL,DEPARTURE_TIME,0.7096577546434429
375,SCHEDULED_ARRIVAL,DEPARTURE_DELAY,0.09784380650294297
376,SCHEDULED_ARRIVAL,TAXI_OUT,0.024317999124646373
377,SCHEDULED_ARRIVAL,WHEELS_OFF,0.7215446747970985
378,SCHEDULED_ARRIVAL,SCHEDULED_TIME,0.03177138268816957
379,SCHEDULED_ARRIVAL,ELAPSED_TIME,0.03093935836903231
380,SCHEDULED_ARRIVAL,AIR_TIME,0.02938449151856986
381,SCHEDULED_ARRIVAL,DISTANCE,0.02727646964015326
382,SCHEDULED_ARRIVAL,WHEELS_ON,0.8701053559929017
383,SCHEDULED_ARRIVAL,TAXI_IN,-0.007292570836717033
384,SCHEDULED_ARRIVAL,SCHEDULED_ARRIVAL,1.0
385,SCHEDULED_ARRIVAL,ARRIVAL_TIME,0.8616455652591488
386,SCHEDULED_ARRIVAL,ARRIVAL_DELAY,0.0891767218400622
387,SCHEDULED_ARRIVAL,DIVERTED,0.004867465857346277
388,SCHEDULED_ARRIVAL,CANCELLED,0.006626568307326981
389,SCHEDULED_ARRIVAL,AIR_SYSTEM_DELAY,-0.02880635748277974
390,SCHEDULED_ARRIVAL,SECURITY_DELAY,-0.004318948761366208
391,SCHEDULED_ARRIVAL,AIRLINE_DELAY,-0.07278013454142417
392,SCHEDULED_ARRIVAL,LATE_AIRCRAFT_DELAY,0.11132761901103722
393,SCHEDULED_ARRIVAL,WEATHER_DELAY,-0.008440044403283511
394,ARRIVAL_TIME,MONTH,-0.008114502542847183
395,ARRIVAL_TIME,DAY,-0.004199857345028885
396,ARRIVAL_TIME,DAY_OF_WEEK,0.005146239343791932
397,ARRIVAL_TIME,FLIGHT_NUMBER,-0.003907789078450071
398,ARRIVAL_TIME,SCHEDULED_DEPARTURE,0.6289815362376988
399,ARRIVAL_TIME,DEPARTURE_TIME,0.6476326741763961
400,ARRIVAL_TIME,DEPARTURE_DELAY,0.04855037271863931
401,ARRIVAL_TIME,TAXI_OUT,0.030188828594499575
402,ARRIVAL_TIME,WHEELS_OFF,0.6673725034242477
403,ARRIVAL_TIME,SCHEDULED_TIME,0.020210408343953167
404,ARRIVAL_TIME,ELAPSED_TIME,0.022409927845645876
405,ARRIVAL_TIME,AIR_TIME,0.019163301874949305
406,ARRIVAL_TIME,DISTANCE,0.01497437971102314
407,ARRIVAL_TIME,WHEELS_ON,0.9675330964468647
408,ARRIVAL_TIME,TAXI_IN,0.0021076287168028136
409,ARRIVAL_TIME,SCHEDULED_ARRIVAL,0.8616455652591488
410,ARRIVAL_TIME,ARRIVAL_TIME,1.0
411,ARRIVAL_TIME,ARRIVAL_DELAY,0.04932363229109067
412,ARRIVAL_TIME,DIVERTED,0.0055684591350188785
413,ARRIVAL_TIME,AIR_SYSTEM_DELAY,0.005865592744985321
414,ARRIVAL_TIME,SECURITY_DELAY,-0.005730810312336222
415,ARRIVAL_TIME,AIRLINE_DELAY,-0.061748153566385064
416,ARRIVAL_TIME,LATE_AIRCRAFT_DELAY,-0.014304287505144555
417,ARRIVAL_TIME,WEATHER_DELAY,-0.026577921500089963
418,ARRIVAL_DELAY,MONTH,-0.03635259293948088
419,ARRIVAL_DELAY,DAY,-0.002939304791514401
420,ARRIVAL_DELAY,DAY_OF_WEEK,-0.016358050713544563
421,ARRIVAL_DELAY,FLIGHT_NUMBER,0.017131736403369437
422,ARRIVAL_DELAY,SCHEDULED_DEPARTURE,0.09984973497297292
423,ARRIVAL_DELAY,DEPARTURE_TIME,0.16006789937627694
424,ARRIVAL_DELAY,DEPARTURE_DELAY,0.9445967056189637
425,ARRIVAL_DELAY,TAXI_OUT,0.22763520956641523
426,ARRIVAL_DELAY,WHEELS_OFF,0.15640683997891988
427,ARRIVAL_DELAY,SCHEDULED_TIME,-0.02984358813285617
428,ARRIVAL_DELAY,ELAPSED_TIME,0.029192879333260206
429,ARRIVAL_DELAY,AIR_TIME,-0.007009707108978706
430,ARRIVAL_DELAY,DISTANCE,-0.025233093002696227
431,ARRIVAL_DELAY,WHEELS_ON,0.05842477280780231
432,ARRIVAL_DELAY,TAXI_IN,0.11624918930651293
433,ARRIVAL_DELAY,SCHEDULED_ARRIVAL,0.0891767218400622
434,ARRIVAL_DELAY,ARRIVAL_TIME,0.04932363229109067
435,ARRIVAL_DELAY,ARRIVAL_DELAY,1.0
436,ARRIVAL_DELAY,AIR_SYSTEM_DELAY,0.24823795649566802
437,ARRIVAL_DELAY,SECURITY_DELAY,0.006453982174352567
438,ARRIVAL_DELAY,AIRLINE_DELAY,0.6098808734582954
439,ARRIVAL_DELAY,LATE_AIRCRAFT_DELAY,0.5242510694174901
440,ARRIVAL_DELAY,WEATHER_DELAY,0.25804831474242607
441,DIVERTED,MONTH,-0.0006640691822456081
442,DIVERTED,DAY,0.002464478043216464
443,DIVERTED,DAY_OF_WEEK,-0.0012818772934996576
444,DIVERTED,FLIGHT_NUMBER,0.0046474250671557195
445,DIVERTED,SCHEDULED_DEPARTURE,-0.0008578855721177479
446,DIVERTED,DEPARTURE_TIME,0.0012527524301714403
447,DIVERTED,DEPARTURE_DELAY,0.023531004503265812
448,DIVERTED,TAXI_OUT,0.012172202023159424
449,DIVERTED,WHEELS_OFF,0.0014411651431197282
450,DIVERTED,SCHEDULED_TIME,0.013077417666387115
451,DIVERTED,DISTANCE,0.011912149585026096
452,DIVERTED,WHEELS_ON,0.00693964642440307
453,DIVERTED,TAXI_IN,0.02269410141033645
454,DIVERTED,SCHEDULED_ARRIVAL,0.004867465857346277
455,DIVERTED,ARRIVAL_TIME,0.0055684591350188785
456,DIVERTED,DIVERTED,1.0
457,DIVERTED,CANCELLED,-0.006421139433908564
458,CANCELLED,MONTH,-0.055557473469846255
459,CANCELLED,DAY,-0.0033325148484711128
460,CANCELLED,DAY_OF_WEEK,-0.021474850617537827
461,CANCELLED,FLIGHT_NUMBER,0.037496629351945206
462,CANCELLED,SCHEDULED_DEPARTURE,0.010433269923710712
463,CANCELLED,DEPARTURE_TIME,0.007426235438871426
464,CANCELLED,DEPARTURE_DELAY,0.03388926867990119
465,CANCELLED,TAXI_OUT,0.006139083063186733
466,CANCELLED,WHEELS_OFF,0.0047299603651450375
467,CANCELLED,SCHEDULED_TIME,-0.02760541912936267
468,CANCELLED,DISTANCE,-0.03274236410138068
469,CANCELLED,SCHEDULED_ARRIVAL,0.006626568307326981
470,CANCELLED,DIVERTED,-0.006421139433908564
471,CANCELLED,CANCELLED,1.0
472,AIR_SYSTEM_DELAY,MONTH,0.0007399783477443405
473,AIR_SYSTEM_DELAY,DAY,-0.00595922523583437
474,AIR_SYSTEM_DELAY,DAY_OF_WEEK,-0.02257416742093595
475,AIR_SYSTEM_DELAY,FLIGHT_NUMBER,-0.008605951816695325
476,AIR_SYSTEM_DELAY,SCHEDULED_DEPARTURE,-0.07561664836570077
477,AIR_SYSTEM_DELAY,DEPARTURE_TIME,-0.0463378771958021
478,AIR_SYSTEM_DELAY,DEPARTURE_DELAY,0.09758733427004834
479,AIR_SYSTEM_DELAY,TAXI_OUT,0.36219040020102816
480,AIR_SYSTEM_DELAY,WHEELS_OFF,-0.02924484070221561
481,AIR_SYSTEM_DELAY,SCHEDULED_TIME,0.02930830398249578
482,AIR_SYSTEM_DELAY,ELAPSED_TIME,0.14954074120882843
483,AIR_SYSTEM_DELAY,AIR_TIME,0.05492327262266424
484,AIR_SYSTEM_DELAY,DISTANCE,0.013982483216605971
485,AIR_SYSTEM_DELAY,WHEELS_ON,0.0076770957289955
486,AIR_SYSTEM_DELAY,TAXI_IN,0.24053096387989967
487,AIR_SYSTEM_DELAY,SCHEDULED_ARRIVAL,-0.02880635748277974
488,AIR_SYSTEM_DELAY,ARRIVAL_TIME,0.005865592744985321
489,AIR_SYSTEM_DELAY,ARRIVAL_DELAY,0.24823795649566802
490,AIR_SYSTEM_DELAY,AIR_SYSTEM_DELAY,1.0
491,AIR_SYSTEM_DELAY,SECURITY_DELAY,-0.011286515940564987
492,AIR_SYSTEM_DELAY,AIRLINE_DELAY,-0.11932438816813146
493,AIR_SYSTEM_DELAY,LATE_AIRCRAFT_DELAY,-0.14592479820853602
494,AIR_SYSTEM_DELAY,WEATHER_DELAY,-0.00043492050855816004
495,SECURITY_DELAY,MONTH,0.009606512149904206
496,SECURITY_DELAY,DAY,-0.00024127841336890008
497,SECURITY_DELAY,DAY_OF_WEEK,0.0010369947379747896
498,SECURITY_DELAY,FLIGHT_NUMBER,-0.00924516490696054
499,SECURITY_DELAY,SCHEDULED_DEPARTURE,-0.007377961619182831
500,SECURITY_DELAY,DEPARTURE_TIME,-0.006335175103688473
501,SECURITY_DELAY,DEPARTURE_DELAY,0.00922410771407084
502,SECURITY_DELAY,TAXI_OUT,-0.006864132862006574
503,SECURITY_DELAY,WHEELS_OFF,-0.006490110073291994
504,SECURITY_DELAY,SCHEDULED_TIME,0.0072695530417460135
505,SECURITY_DELAY,ELAPSED_TIME,0.004418988888796224
506,SECURITY_DELAY,AIR_TIME,0.006635554761756093
507,SECURITY_DELAY,DISTANCE,0.007281588599408322
508,SECURITY_DELAY,WHEELS_ON,-0.005966998561184471
509,SECURITY_DELAY,TAXI_IN,-0.00545373843035552
510,SECURITY_DELAY,SCHEDULED_ARRIVAL,-0.004318948761366208
511,SECURITY_DELAY,ARRIVAL_TIME,-0.005730810312336222
512,SECURITY_DELAY,ARRIVAL_DELAY,0.006453982174352567
513,SECURITY_DELAY,AIR_SYSTEM_DELAY,-0.011286515940564987
514,SECURITY_DELAY,SECURITY_DELAY,1.0
515,SECURITY_DELAY,AIRLINE_DELAY,-0.012965541295063943
516,SECURITY_DELAY,LATE_AIRCRAFT_DELAY,-0.01223001743079804
517,SECURITY_DELAY,WEATHER_DELAY,-0.004763901195478658
518,AIRLINE_DELAY,MONTH,0.012121043470869014
519,AIRLINE_DELAY,DAY,0.006783320736460808
520,AIRLINE_DELAY,DAY_OF_WEEK,0.012333005790737683
521,AIRLINE_DELAY,FLIGHT_NUMBER,0.0064404444613679855
522,AIRLINE_DELAY,SCHEDULED_DEPARTURE,-0.08875971410940733
523,AIRLINE_DELAY,DEPARTURE_TIME,-0.02103889694968483
524,AIRLINE_DELAY,DEPARTURE_DELAY,0.6211651262155413
525,AIRLINE_DELAY,TAXI_OUT,-0.06856971752818271
526,AIRLINE_DELAY,WHEELS_OFF,-0.029010698690838433
527,AIRLINE_DELAY,SCHEDULED_TIME,0.03583502372140557
528,AIRLINE_DELAY,ELAPSED_TIME,0.0015131420838190393
529,AIRLINE_DELAY,AIR_TIME,0.021192957568491093
530,AIRLINE_DELAY,DISTANCE,0.0350917813274648
531,AIRLINE_DELAY,WHEELS_ON,-0.0603046521290045
532,AIRLINE_DELAY,TAXI_IN,-0.04943281516194128
533,AIRLINE_DELAY,SCHEDULED_ARRIVAL,-0.07278013454142417
534,AIRLINE_DELAY,ARRIVAL_TIME,-0.061748153566385064
535,AIRLINE_DELAY,ARRIVAL_DELAY,0.6098808734582954
536,AIRLINE_DELAY,AIR_SYSTEM_DELAY,-0.11932438816813146
537,AIRLINE_DELAY,SECURITY_DELAY,-0.012965541295063943
538,AIRLINE_DELAY,AIRLINE_DELAY,1.0
539,AIRLINE_DELAY,LATE_AIRCRAFT_DELAY,-0.10610828083914062
540,AIRLINE_DELAY,WEATHER_DELAY,-0.050640295211856944
541,LATE_AIRCRAFT_DELAY,MONTH,0.003556581005374839
542,LATE_AIRCRAFT_DELAY,DAY,0.009495972860016893
543,LATE_AIRCRAFT_DELAY,DAY_OF_WEEK,-0.016867002213171306
544,LATE_AIRCRAFT_DELAY,FLIGHT_NUMBER,0.021271515503933292
545,LATE_AIRCRAFT_DELAY,SCHEDULED_DEPARTURE,0.1454031008085295
546,LATE_AIRCRAFT_DELAY,DEPARTURE_TIME,0.18238789763788238
547,LATE_AIRCRAFT_DELAY,DEPARTURE_DELAY,0.5572172997592713
548,LATE_AIRCRAFT_DELAY,TAXI_OUT,-0.12873944073969343
549,LATE_AIRCRAFT_DELAY,WHEELS_OFF,0.15664850366947825
550,LATE_AIRCRAFT_DELAY,SCHEDULED_TIME,-0.04621476731093478
551,LATE_AIRCRAFT_DELAY,ELAPSED_TIME,-0.09377831713210966
552,LATE_AIRCRAFT_DELAY,AIR_TIME,-0.06539961806566501
553,LATE_AIRCRAFT_DELAY,DISTANCE,-0.04619409142512655
554,LATE_AIRCRAFT_DELAY,WHEELS_ON,-0.0065647840900375535
555,LATE_AIRCRAFT_DELAY,TAXI_IN,-0.0566149295052218
556,LATE_AIRCRAFT_DELAY,SCHEDULED_ARRIVAL,0.11132761901103722
557,LATE_AIRCRAFT_DELAY,ARRIVAL_TIME,-0.014304287505144555
558,LATE_AIRCRAFT_DELAY,ARRIVAL_DELAY,0.5242510694174901
559,LATE_AIRCRAFT_DELAY,AIR_SYSTEM_DELAY,-0.14592479820853602
560,LATE_AIRCRAFT_DELAY,SECURITY_DELAY,-0.01223001743079804
561,LATE_AIRCRAFT_DELAY,AIRLINE_DELAY,-0.10610828083914062
562,LATE_AIRCRAFT_DELAY,LATE_AIRCRAFT_DELAY,1.0
563,LATE_AIRCRAFT_DELAY,WEATHER_DELAY,-0.022281370891312158
564,WEATHER_DELAY,MONTH,-0.00781423427998183
565,WEATHER_DELAY,DAY,0.008671278135979128
566,WEATHER_DELAY,DAY_OF_WEEK,-0.00499143651874642
567,WEATHER_DELAY,FLIGHT_NUMBER,-0.0020184772167865833
568,WEATHER_DELAY,SCHEDULED_DEPARTURE,-0.016375207373897634
569,WEATHER_DELAY,DEPARTURE_TIME,-0.005177769840933573
570,WEATHER_DELAY,DEPARTURE_DELAY,0.2366922640775342
571,WEATHER_DELAY,TAXI_OUT,0.06491852015926554
572,WEATHER_DELAY,WHEELS_OFF,-0.009490881532715323
573,WEATHER_DELAY,SCHEDULED_TIME,0.0011150009663517034
574,WEATHER_DELAY,ELAPSED_TIME,0.009635214466175013
575,WEATHER_DELAY,AIR_TIME,-0.002811676018412891
576,WEATHER_DELAY,DISTANCE,-0.006292720927780884
577,WEATHER_DELAY,WHEELS_ON,-0.02673466217273811
578,WEATHER_DELAY,TAXI_IN,-0.0004461018305401373
579,WEATHER_DELAY,SCHEDULED_ARRIVAL,-0.008440044403283511
580,WEATHER_DELAY,ARRIVAL_TIME,-0.026577921500089963
581,WEATHER_DELAY,ARRIVAL_DELAY,0.25804831474242607
582,WEATHER_DELAY,AIR_SYSTEM_DELAY,-0.00043492050855816004
583,WEATHER_DELAY,SECURITY_DELAY,-0.004763901195478658
584,WEATHER_DELAY,AIRLINE_DELAY,-0.050640295211856944
585,WEATHER_DELAY,LATE_AIRCRAFT_DELAY,-0.022281370891312158
586,WEATHER_DELAY,WEATHER_DELAY,1.0
